Conversion_Date,Project_Name,Consolidation_Name,Development_Name,Total_Units,Total_Repair_Costs_20yr_PNA,Status,Developers,General_Contractor,Property_Manager,Social_Service_Provider
12/31/2016,Ocean Bay,,OCEAN BAY APARTMENTS (BAYSIDE),1395,$317M*,Construction Complete,MDG Design + Construction LLC; Wavecrest Group LLC,MDG Design + Construction LLC,Wavecrest Management Group LLC,Catholic Charities Community Services of the Archdiocese of Brooklyn & Queens (non-profit)
10/31/2018,Twin Parks West,,TWIN PARKS WEST (SITES 1 & 2),312,$46M*,Construction Complete,Gilbane Development Company,Apex Building Group (MWBE),"Kraus Management, Inc.",BronxWorks (non-profit)
11/16/2018,Betances,,BETANCES I,309,$145M*,Construction Complete,MDG Design + Construction LLC; Wavecrest Group LLC,MDG Design + Construction LLC,Wavecrest Management Group LLC,"Catholic Charities Community Services, Archdiocese of New York (non-profit)"
11/16/2018,Betances,,"BETANCES II, 13",51,$145M*,Construction Complete,MDG Design + Construction LLC; Wavecrest Group LLC,MDG Design + Construction LLC,Wavecrest Management Group LLC,"Catholic Charities Community Services, Archdiocese of New York (non-profit)"
11/16/2018,Betances,,"BETANCES II, 18",78,$145M*,Construction Complete,MDG Design + Construction LLC; Wavecrest Group LLC,MDG Design + Construction LLC,Wavecrest Management Group LLC,"Catholic Charities Community Services, Archdiocese of New York (non-profit)"
11/16/2018,Betances,,"BETANCES II, 9A",46,$145M*,Construction Complete,MDG Design + Construction LLC; Wavecrest Group LLC,MDG Design + Construction LLC,Wavecrest Management Group LLC,"Catholic Charities Community Services, Archdiocese of New York (non-profit)"
11/16/2018,Betances,,"BETANCES III, 13",22,$145M*,Construction Complete,MDG Design + Construction LLC; Wavecrest Group LLC,MDG Design + Construction LLC,Wavecrest Management Group LLC,"Catholic Charities Community Services, Archdiocese of New York (non-profit)"
11/16/2018,Betances,,"BETANCES III, 18",19,$145M*,Construction Complete,MDG Design + Construction LLC; Wavecrest Group LLC,MDG Design + Construction LLC,Wavecrest Management Group LLC,"Catholic Charities Community Services, Archdiocese of New York (non-profit)"
11/16/2018,Betances,,"BETANCES III, 9A",26,$145M*,Construction Complete,MDG Design + Construction LLC; Wavecrest Group LLC,MDG Design + Construction LLC,Wavecrest Management Group LLC,"Catholic Charities Community Services, Archdiocese of New York (non-profit)"
11/16/2018,Betances,,BETANCES IV,282,$145M*,Construction Complete,MDG Design + Construction LLC; Wavecrest Group LLC,MDG Design + Construction LLC,Wavecrest Management Group LLC,"Catholic Charities Community Services, Archdiocese of New York (non-profit)"
11/16/2018,Betances,,BETANCES V,100,$145M*,Construction Complete,MDG Design + Construction LLC; Wavecrest Group LLC,MDG Design + Construction LLC,Wavecrest Management Group LLC,"Catholic Charities Community Services, Archdiocese of New York (non-profit)"
11/16/2018,Betances,,BETANCES VI,155,$145M*,Construction Complete,MDG Design + Construction LLC; Wavecrest Group LLC,MDG Design + Construction LLC,Wavecrest Management Group LLC,"Catholic Charities Community Services, Archdiocese of New York (non-profit)"
11/30/2018,Highbridge Franklin,,FRANKLIN AVENUE I CONVENTIONAL,61,$38M*,Construction Complete,Gilbane Development Company,Apex Building Group (MWBE),"Kraus Management, Inc.",BronxWorks (non-profit)
11/30/2018,Highbridge Franklin,,FRANKLIN AVENUE II CONVENTIONAL,45,$38M*,Construction Complete,Gilbane Development Company,Apex Building Group (MWBE),"Kraus Management, Inc.",BronxWorks (non-profit)
11/30/2018,Highbridge Franklin,,FRANKLIN AVENUE III CONVENTIONAL,15,$38M*,Construction Complete,Gilbane Development Company,Apex Building Group (MWBE),"Kraus Management, Inc.",BronxWorks (non-profit)
11/30/2018,Highbridge Franklin,,HIGHBRIDGE REHABS (ANDERSON AVENUE),135,$38M*,Construction Complete,Gilbane Development Company,Apex Building Group (MWBE),"Kraus Management, Inc.",BronxWorks (non-profit)
11/30/2018,Highbridge Franklin,,HIGHBRIDGE REHABS (NELSON AVENUE),80,$38M*,Construction Complete,Gilbane Development Company,Apex Building Group (MWBE),"Kraus Management, Inc.",BronxWorks (non-profit)
12/27/2018,Baychester/Murphy,,BAYCHESTER,441,$116M*,Construction Complete,Camber Property Group; L+M Development Partners; MBD Community Housing Corporation (non-profit),L+M Builders Group,C+C Apartment Management LLC,BronxWorks (non-profit)
12/27/2018,Baychester/Murphy,,MURPHY,281,$116M*,Construction Complete,Camber Property Group; L+M Development Partners; MBD Community Housing Corporation (non-profit),L+M Builders Group,C+C Apartment Management LLC,BronxWorks (non-profit)
7/18/2019,Hope Gardens,,BUSHWICK II (GROUPS A & C),300,$280M*,Construction Complete,Pennrose Properties,Procida Construction,Wavecrest Management Group LLC,Acacia Network (non-profit)
7/18/2019,Hope Gardens,,BUSHWICK II (GROUPS B & D),300,$280M*,Construction Complete,Pennrose Properties,Procida Construction,Wavecrest Management Group LLC,Acacia Network (non-profit)
7/18/2019,Hope Gardens,,BUSHWICK II CDA (GROUP E),276,$280M*,Construction Complete,Pennrose Properties,Procida Construction,Wavecrest Management Group LLC,Acacia Network (non-profit)
7/18/2019,Hope Gardens,,HOPE GARDENS,330,$280M*,Construction Complete,Pennrose Properties,Procida Construction,Wavecrest Management Group LLC,Acacia Network (non-profit)
7/18/2019,Hope Gardens,,PALMETTO GARDENS,115,$280M*,Construction Complete,Pennrose Properties,Procida Construction,Wavecrest Management Group LLC,Acacia Network (non-profit)
2/12/2020,PACT Brooklyn Bundle,,572 WARREN STREET,200,$434M*,Construction Complete,The Arker Companies; Omni New York LLC; Dabar Development Partners (MWBE); Bedford Stuyvesant Restoration Corporation (non-profit),Renewal Chateau JV LLC,Reliant Realty Services LLC; Progressive Management of NY LLC,Bedford Stuyvesant Restoration Corporation (non-profit)
2/12/2020,PACT Brooklyn Bundle,,ARMSTRONG I,371,$434M*,Construction Complete,The Arker Companies; Omni New York LLC; Dabar Development Partners (MWBE); Bedford Stuyvesant Restoration Corporation (non-profit),Renewal Chateau JV LLC,Reliant Realty Services LLC; Progressive Management of NY LLC,Bedford Stuyvesant Restoration Corporation (non-profit)
2/12/2020,PACT Brooklyn Bundle,,ARMSTRONG II,248,$434M*,Construction Complete,The Arker Companies; Omni New York LLC; Dabar Development Partners (MWBE); Bedford Stuyvesant Restoration Corporation (non-profit),Renewal Chateau JV LLC,Reliant Realty Services LLC; Progressive Management of NY LLC,Bedford Stuyvesant Restoration Corporation (non-profit)
2/12/2020,PACT Brooklyn Bundle,,BERRY STREET-SOUTH 9TH STREET,150,$434M*,Construction Complete,The Arker Companies; Omni New York LLC; Dabar Development Partners (MWBE); Bedford Stuyvesant Restoration Corporation (non-profit),Renewal Chateau JV LLC,Reliant Realty Services LLC; Progressive Management of NY LLC,Bedford Stuyvesant Restoration Corporation (non-profit)
2/12/2020,PACT Brooklyn Bundle,,INDEPENDENCE,744,$434M*,Construction Complete,The Arker Companies; Omni New York LLC; Dabar Development Partners (MWBE); Bedford Stuyvesant Restoration Corporation (non-profit),Renewal Chateau JV LLC,Reliant Realty Services LLC; Progressive Management of NY LLC,Bedford Stuyvesant Restoration Corporation (non-profit)
2/12/2020,PACT Brooklyn Bundle,,MARCY AVENUE-GREENE AVENUE SITE A,48,$434M*,Construction Complete,The Arker Companies; Omni New York LLC; Dabar Development Partners (MWBE); Bedford Stuyvesant Restoration Corporation (non-profit),Renewal Chateau JV LLC,Reliant Realty Services LLC; Progressive Management of NY LLC,Bedford Stuyvesant Restoration Corporation (non-profit)
2/12/2020,PACT Brooklyn Bundle,,MARCY AVENUE-GREENE AVENUE SITE B,30,$434M*,Construction Complete,The Arker Companies; Omni New York LLC; Dabar Development Partners (MWBE); Bedford Stuyvesant Restoration Corporation (non-profit),Renewal Chateau JV LLC,Reliant Realty Services LLC; Progressive Management of NY LLC,Bedford Stuyvesant Restoration Corporation (non-profit)
2/12/2020,PACT Brooklyn Bundle,,WEEKSVILLE GARDENS,257,$434M*,Construction Complete,The Arker Companies; Omni New York LLC; Dabar Development Partners (MWBE); Bedford Stuyvesant Restoration Corporation (non-profit),Renewal Chateau JV LLC,Reliant Realty Services LLC; Progressive Management of NY LLC,Bedford Stuyvesant Restoration Corporation (non-profit)
2/12/2020,PACT Brooklyn Bundle,,WILLIAMS PLAZA,577,$434M*,Construction Complete,The Arker Companies; Omni New York LLC; Dabar Development Partners (MWBE); Bedford Stuyvesant Restoration Corporation (non-profit),Renewal Chateau JV LLC,Reliant Realty Services LLC; Progressive Management of NY LLC,Bedford Stuyvesant Restoration Corporation (non-profit)
11/30/2020,PACT Manhattan Bundle,Jefferson,335 EAST 111TH STREET,66,$383M*,Construction Complete,Monadnock Development LLC; Kalel Companies (MWBE); Lemor Development Group (MWBE),Monadnock Development LLC,Wavecrest Management Group LLC,"Community League of the Heights, Inc. (non-profit)"
11/30/2020,PACT Manhattan Bundle,Straus,344 EAST 28TH STREET,225,$383M*,Construction Complete,Monadnock Development LLC; Kalel Companies (MWBE); Lemor Development Group (MWBE),Monadnock Development LLC,Wavecrest Management Group LLC,"Community League of the Heights, Inc. (non-profit)"
11/30/2020,PACT Manhattan Bundle,Fort Washington Ave Rehab,FORT WASHINGTON AVENUE REHAB,226,$383M*,Construction Complete,Monadnock Development LLC; Kalel Companies (MWBE); Lemor Development Group (MWBE),Monadnock Development LLC,Wavecrest Management Group LLC,"Community League of the Heights, Inc. (non-profit)"
11/30/2020,PACT Manhattan Bundle,Fort Washington Ave Rehab,WASHINGTON HEIGHTS REHAB (GROUPS 1&2),216,$383M*,Construction Complete,Monadnock Development LLC; Kalel Companies (MWBE); Lemor Development Group (MWBE),Monadnock Development LLC,Wavecrest Management Group LLC,"Community League of the Heights, Inc. (non-profit)"
11/30/2020,PACT Manhattan Bundle,Fort Washington Ave Rehab,WASHINGTON HEIGHTS REHAB PHASE III (HARLEM RIVER),14,$383M*,Construction Complete,Monadnock Development LLC; Kalel Companies (MWBE); Lemor Development Group (MWBE),Monadnock Development LLC,Wavecrest Management Group LLC,"Community League of the Heights, Inc. (non-profit)"
11/30/2020,PACT Manhattan Bundle,Fort Washington Ave Rehab,WASHINGTON HEIGHTS REHAB PHASE III (FORT WASHINGTON),88,$383M*,Construction Complete,Monadnock Development LLC; Kalel Companies (MWBE); Lemor Development Group (MWBE),Monadnock Development LLC,Wavecrest Management Group LLC,"Community League of the Heights, Inc. (non-profit)"
11/30/2020,PACT Manhattan Bundle,Fort Washington Ave Rehab,WASHINGTON HEIGHTS REHAB PHASE IV (C),32,$383M*,Construction Complete,Monadnock Development LLC; Kalel Companies (MWBE); Lemor Development Group (MWBE),Monadnock Development LLC,Wavecrest Management Group LLC,"Community League of the Heights, Inc. (non-profit)"
11/30/2020,PACT Manhattan Bundle,Fort Washington Ave Rehab,WASHINGTON HEIGHTS REHAB PHASE IV (D),32,$383M*,Construction Complete,Monadnock Development LLC; Kalel Companies (MWBE); Lemor Development Group (MWBE),Monadnock Development LLC,Wavecrest Management Group LLC,"Community League of the Heights, Inc. (non-profit)"
11/30/2020,PACT Manhattan Bundle,King Towers,GRAMPION,35,$383M*,Construction Complete,Monadnock Development LLC; Kalel Companies (MWBE); Lemor Development Group (MWBE),Monadnock Development LLC,Wavecrest Management Group LLC,"Community League of the Heights, Inc. (non-profit)"
11/30/2020,PACT Manhattan Bundle,Manhattanville,MANHATTANVILLE REHAB (GROUP 2),46,$383M*,Construction Complete,Monadnock Development LLC; Kalel Companies (MWBE); Lemor Development Group (MWBE),Monadnock Development LLC,Wavecrest Management Group LLC,"Community League of the Heights, Inc. (non-profit)"
11/30/2020,PACT Manhattan Bundle,Manhattanville,MANHATTANVILLE REHAB (GROUP 3),51,$383M*,Construction Complete,Monadnock Development LLC; Kalel Companies (MWBE); Lemor Development Group (MWBE),Monadnock Development LLC,Wavecrest Management Group LLC,"Community League of the Heights, Inc. (non-profit)"
11/30/2020,PACT Manhattan Bundle,Jackie Robinson,"PARK AVENUE-EAST 122ND, 123RD STREETS",90,$383M*,Construction Complete,Monadnock Development LLC; Kalel Companies (MWBE); Lemor Development Group (MWBE),Monadnock Development LLC,Wavecrest Management Group LLC,"Community League of the Heights, Inc. (non-profit)"
11/30/2020,PACT Manhattan Bundle,Drew Hamilton,PUBLIC SCHOOL 139 (CONVERSION),125,$383M*,Construction Complete,Monadnock Development LLC; Kalel Companies (MWBE); Lemor Development Group (MWBE),Monadnock Development LLC,Wavecrest Management Group LLC,"Community League of the Heights, Inc. (non-profit)"
11/30/2020,PACT Manhattan Bundle,Kraus Management (MB 1),SAMUEL (MHOP) I,53,$383M*,Construction Complete,Monadnock Development LLC; Kalel Companies (MWBE); Lemor Development Group (MWBE),Monadnock Development LLC,Wavecrest Management Group LLC,"Community League of the Heights, Inc. (non-profit)"
11/30/2020,PACT Manhattan Bundle,Kraus Management (MB 1),SAMUEL (MHOP) II,10,$383M*,Construction Complete,Monadnock Development LLC; Kalel Companies (MWBE); Lemor Development Group (MWBE),Monadnock Development LLC,Wavecrest Management Group LLC,"Community League of the Heights, Inc. (non-profit)"
11/30/2020,PACT Manhattan Bundle,Kraus Management (MB 1),SAMUEL (MHOP) III,10,$383M*,Construction Complete,Monadnock Development LLC; Kalel Companies (MWBE); Lemor Development Group (MWBE),Monadnock Development LLC,Wavecrest Management Group LLC,"Community League of the Heights, Inc. (non-profit)"
11/30/2020,PACT Manhattan Bundle,Wise Towers,WISE TOWERS,399,$383M*,Construction Complete,Monadnock Development LLC; Kalel Companies (MWBE); Lemor Development Group (MWBE),Monadnock Development LLC,Wavecrest Management Group LLC,"Community League of the Heights, Inc. (non-profit)"
12/28/2021,Boulevard,Boulevard,BELMONT-SUTTER AREA,72,$483M*,Under Construction,"The Hudson Companies, Inc.; People Restoring Communities; Duvernay + Brooks LLC (MWBE)",Broadway Builders LLC (MWBE); Melcara Corp,"Property Resources Corporation; Lisa Management, Inc.",CAMBA (non-profit)
12/28/2021,Boulevard,Boulevard,BOULEVARD,1441,$483M*,Under Construction,"The Hudson Companies, Inc.; People Restoring Communities; Duvernay + Brooks LLC (MWBE)",Broadway Builders LLC (MWBE); Melcara Corp,"Property Resources Corporation; Lisa Management, Inc.",CAMBA (non-profit)
12/28/2021,Boulevard,Unity Plaza,FIORENTINO PLAZA,160,$483M*,Under Construction,"The Hudson Companies, Inc.; People Restoring Communities; Duvernay + Brooks LLC (MWBE)",Broadway Builders LLC (MWBE); Melcara Corp,"Property Resources Corporation; Lisa Management, Inc.",CAMBA (non-profit)
12/28/2021,Linden,Linden,LINDEN,1586,$430M*,Construction Complete,Douglaston Development; L+M Development Partners; Dantes Partners (MWBE); SMJ Development Corp (MWBE),L+M Builders Group; Levine Builders,C+C Apartment Management LLC,University Settlement (non-profit)
12/28/2021,Linden,Penn-Wortman,PENNSYLVANIA AVENUE-WORTMAN AVENUE,336,$430M*,Construction Complete,Douglaston Development; L+M Development Partners; Dantes Partners (MWBE); SMJ Development Corp (MWBE),L+M Builders Group; Levine Builders,C+C Apartment Management LLC,University Settlement (non-profit)
12/28/2021,Williamsburg,Williamsburg,WILLIAMSBURG,1621,$493M*,Construction Complete,MDG Design + Construction LLC; Wavecrest Group LLC,MDG Design + Construction LLC,Wavecrest Management Group LLC,St. Nicks Alliance (non-profit); Grand Street Settlement (non-profit)
2/17/2022,Harlem River,Harlem River,HARLEM RIVER,577,$236M*,Under Construction,Settlement Housing Fund Inc (nonprofit); West Harlem Group Assistance (non-profit),L+M Builders Group,C+C Apartment Management LLC,C+C Apartment Management LLC
2/17/2022,Harlem River,Harlem River,HARLEM RIVER II,116,$236M*,Under Construction,Settlement Housing Fund Inc (nonprofit); West Harlem Group Assistance (non-profit),L+M Builders Group,C+C Apartment Management LLC,C+C Apartment Management LLC
1/10/2023,Harlem River,"Audubon, Bethune & Marshall",AUDUBON,167,$137.6M*,Under Construction,Dantes Partners (MWBE),Apex Building Group (MWBE); Pyramid ETC Companies,Faria Management (MWBE),Mosholu Montefiore Community Center (non-profit)
1/10/2023,Harlem River,"Audubon, Bethune & Marshall",BETHUNE GARDENS,210,$137.6M*,Under Construction,Dantes Partners (MWBE),Apex Building Group (MWBE); Pyramid ETC Companies,Faria Management (MWBE),Mosholu Montefiore Community Center (non-profit)
1/10/2023,Harlem River,"Audubon, Bethune & Marshall",MARSHALL PLAZA,180,$137.6M*,Under Construction,Dantes Partners (MWBE),Apex Building Group (MWBE); Pyramid ETC Companies,Faria Management (MWBE),Mosholu Montefiore Community Center (non-profit)
6/27/2023,Edenwald,Edenwald,EDENWALD,2035,$783M*,Under Construction,Camber Property Group; Henge Development (MWBE); SAA | EVI (MWBE),L+M Builders Group,C+C Apartment Management LLC,BronxWorks (non-profit)
9/28/2023,Union Avenue Consolidated,Forest,EAGLE AVENUE-EAST 163RD STREET,66,$247M*,Under Construction,The Arker Companies; Omni New York LLC; Dabar Development Partners (MWBE),Renewal Chateau JV LLC,Progressive Management of NY LLC,Progressive Management of NY LLC; Presbyterian Senior Services (non-profit); Acacia Network (non-profit)
9/28/2023,Union Avenue Consolidated,Union Avenue Consolidated,CLAREMONT PARKWAY-FRANKLIN AVENUE,188,$247M*,Under Construction,The Arker Companies; Omni New York LLC; Dabar Development Partners (MWBE),Renewal Chateau JV LLC,Progressive Management of NY LLC,Progressive Management of NY LLC; Presbyterian Senior Services (non-profit); Acacia Network (non-profit)
9/28/2023,Union Avenue Consolidated,Union Avenue Consolidated,DAVIDSON,175,$247M*,Under Construction,The Arker Companies; Omni New York LLC; Dabar Development Partners (MWBE),Renewal Chateau JV LLC,Progressive Management of NY LLC,Progressive Management of NY LLC; Presbyterian Senior Services (non-profit); Acacia Network (non-profit)
9/28/2023,Union Avenue Consolidated,Union Avenue Consolidated,SOUTH BRONX AREA (SITE 402),114,$247M*,Under Construction,The Arker Companies; Omni New York LLC; Dabar Development Partners (MWBE),Renewal Chateau JV LLC,Progressive Management of NY LLC,Progressive Management of NY LLC; Presbyterian Senior Services (non-profit); Acacia Network (non-profit)
9/28/2023,Union Avenue Consolidated,Union Avenue Consolidated,STEBBINS AVENUE-HEWITT PLACE,120,$247M*,Under Construction,The Arker Companies; Omni New York LLC; Dabar Development Partners (MWBE),Renewal Chateau JV LLC,Progressive Management of NY LLC,Progressive Management of NY LLC; Presbyterian Senior Services (non-profit); Acacia Network (non-profit)
9/28/2023,Union Avenue Consolidated,Union Avenue Consolidated,UNION AVENUE-EAST 163RD STREET,200,$247M*,Under Construction,The Arker Companies; Omni New York LLC; Dabar Development Partners (MWBE),Renewal Chateau JV LLC,Progressive Management of NY LLC,Progressive Management of NY LLC; Presbyterian Senior Services (non-profit); Acacia Network (non-profit)
9/28/2023,Union Avenue Consolidated,Union Avenue Consolidated,UNION AVENUE-EAST 166TH STREET,120,$247M*,Under Construction,The Arker Companies; Omni New York LLC; Dabar Development Partners (MWBE),Renewal Chateau JV LLC,Progressive Management of NY LLC,Progressive Management of NY LLC; Presbyterian Senior Services (non-profit); Acacia Network (non-profit)
11/28/2023,Reid Apartments + Park Rock Consolidated,Reid Apartments,104-14 TAPSCOTT STREET,30,$636M*,Under Construction,BRP Development Corporation (MWBE); Fairstead; Urbane (MWBE),Fairstead,Fairstead,Black Veterans for Social Justice (non-profit)
11/28/2023,Reid Apartments + Park Rock Consolidated,Reid Apartments,FENIMORE-LEFFERTS,36,$636M*,Under Construction,BRP Development Corporation (MWBE); Fairstead; Urbane (MWBE),Fairstead,Fairstead,Black Veterans for Social Justice (non-profit)
11/28/2023,Reid Apartments + Park Rock Consolidated,Reid Apartments,LENOX ROAD-ROCKAWAY PARKWAY,74,$636M*,Under Construction,BRP Development Corporation (MWBE); Fairstead; Urbane (MWBE),Fairstead,Fairstead,Black Veterans for Social Justice (non-profit)
11/28/2023,Reid Apartments + Park Rock Consolidated,Reid Apartments,RALPH AVENUE REHAB,118,$636M*,Under Construction,BRP Development Corporation (MWBE); Fairstead; Urbane (MWBE),Fairstead,Fairstead,Black Veterans for Social Justice (non-profit)
11/28/2023,Reid Apartments + Park Rock Consolidated,Reid Apartments,REID APARTMENTS,229,$636M*,Under Construction,BRP Development Corporation (MWBE); Fairstead; Urbane (MWBE),Fairstead,Fairstead,Black Veterans for Social Justice (non-profit)
11/28/2023,Reid Apartments + Park Rock Consolidated,Reid Apartments,RUTLAND TOWERS,61,$636M*,Under Construction,BRP Development Corporation (MWBE); Fairstead; Urbane (MWBE),Fairstead,Fairstead,Black Veterans for Social Justice (non-profit)
11/28/2023,Reid Apartments + Park Rock Consolidated,Reid Apartments,SUTTER AVENUE-UNION STREET,100,$636M*,Under Construction,BRP Development Corporation (MWBE); Fairstead; Urbane (MWBE),Fairstead,Fairstead,Black Veterans for Social Justice (non-profit)
11/28/2023,Reid Apartments + Park Rock Consolidated,Reid Apartments,TAPSCOTT STREET REHAB,155,$636M*,Under Construction,BRP Development Corporation (MWBE); Fairstead; Urbane (MWBE),Fairstead,Fairstead,Black Veterans for Social Justice (non-profit)
11/28/2023,Reid Apartments + Park Rock Consolidated,Park Rock Consolidated,CROWN HEIGHTS,121,$636M*,Under Construction,BRP Development Corporation (MWBE); Fairstead; Urbane (MWBE),Fairstead,Fairstead,Black Veterans for Social Justice (non-profit)
11/28/2023,Reid Apartments + Park Rock Consolidated,Park Rock Consolidated,HOWARD AVENUE,149,$636M*,Under Construction,BRP Development Corporation (MWBE); Fairstead; Urbane (MWBE),Fairstead,Fairstead,Black Veterans for Social Justice (non-profit)
11/28/2023,Reid Apartments + Park Rock Consolidated,Park Rock Consolidated,HOWARD AVENUE-PARK PLACE,156,$636M*,Under Construction,BRP Development Corporation (MWBE); Fairstead; Urbane (MWBE),Fairstead,Fairstead,Black Veterans for Social Justice (non-profit)
11/28/2023,Reid Apartments + Park Rock Consolidated,Park Rock Consolidated,OCEAN HILL-BROWNSVILLE,125,$636M*,Under Construction,BRP Development Corporation (MWBE); Fairstead; Urbane (MWBE),Fairstead,Fairstead,Black Veterans for Social Justice (non-profit)
11/28/2023,Reid Apartments + Park Rock Consolidated,Park Rock Consolidated,PARK ROCK REHAB,134,$636M*,Under Construction,BRP Development Corporation (MWBE); Fairstead; Urbane (MWBE),Fairstead,Fairstead,Black Veterans for Social Justice (non-profit)
11/28/2023,Reid Apartments + Park Rock Consolidated,Park Rock Consolidated,STERLING PLACE REHABS (SAINT JOHNS-STERLING),83,$636M*,Under Construction,BRP Development Corporation (MWBE); Fairstead; Urbane (MWBE),Fairstead,Fairstead,Black Veterans for Social Justice (non-profit)
11/28/2023,Reid Apartments + Park Rock Consolidated,Park Rock Consolidated,STERLING PLACE REHABS (STERLING-BUFFALO),125,$636M*,Under Construction,BRP Development Corporation (MWBE); Fairstead; Urbane (MWBE),Fairstead,Fairstead,Black Veterans for Social Justice (non-profit)
6/26/2024,Sack Wern,Sack Wern,SACK WERN,413,$189.9M*,Under Construction,Asland Capital Partners (MWBE); Breaking Ground (non-profit); Douglaston Development,Levine Builders,Clinton Management,BronxWorks (non-profit)
6/26/2024,West Brighton,West Brighton,WEST BRIGHTON I,490,$283.3M*,Under Construction,BFC Development Partners; CBEmmanuel Realty (MWBE); Catholic Homes New York (non-profit),BFC Development Partners; CBEmmanuel Realty LLC (MWBE),Twin Pines Management,Housing Opportunities Unlimited
6/26/2024,West Brighton,West Brighton,WEST BRIGHTON II,96,$283.3M*,Under Construction,BFC Development Partners; CBEmmanuel Realty (MWBE); Catholic Homes New York (non-profit),BFC Development Partners; CBEmmanuel Realty LLC (MWBE),Twin Pines Management,Housing Opportunities Unlimited
9/26/2024,Frederick Samuel Apartments,Frederick Samuel (City),SAMUEL (CITY),664,$383.6M*,Under Construction,Genesis Companies (MWBE); Lemor Development Group (MWBE),Monadnock Construction,VPH Management Services LLC,VPH Management Services LLC
9/26/2024,"Boston Secor, Boston Road Plaza & Middletown Plaza",Boston Secor,BOSTON SECOR,538,$419.6M*,Under Construction,Beacon Communities; Kalel Companies (MWBE); MBD Community Housing Corporation (non-profit),Notias Construction,Wavecrest Management Group LLC,"Regional Aid for Interim Needs, Inc. (R.A.I.N.) (non-profit)"
9/26/2024,"Boston Secor, Boston Road Plaza & Middletown Plaza",Pelham Parkway,BOSTON ROAD PLAZA,235,$419.6M*,Under Construction,Beacon Communities; Kalel Companies (MWBE); MBD Community Housing Corporation (non-profit),Notias Construction,Wavecrest Management Group LLC,"Regional Aid for Interim Needs, Inc. (R.A.I.N.) (non-profit)"
9/26/2024,"Boston Secor, Boston Road Plaza & Middletown Plaza",Eastchester Gardens,MIDDLETOWN PLAZA,179,$419.6M*,Under Construction,Beacon Communities; Kalel Companies (MWBE); MBD Community Housing Corporation (non-profit),Notias Construction,Wavecrest Management Group LLC,"Regional Aid for Interim Needs, Inc. (R.A.I.N.) (non-profit)"
12/12/2024,Manhattanville,Manhattanville,MANHATTANVILLE,1272,$444.9M*,Under Construction,Apex Building Group (MWBE); Gilbane Development Company; West Harlem Group Assistance (non-profit),Apex Building Group (MWBE); Gilbane Development Company,ELH Mgmt. LLC,Goddard Riverside (non-profit)
3/27/2025,Eastchester Gardens,Eastchester Gardens,EASTCHESTER GARDENS,877,$390.8M*,Under Construction,Infinite Horizons (MWBE); MDG Design + Construction LLC; Wavecrest Group LLC,MDG Design + Construction LLC,Wavecrest Management Group LLC,BronxWorks (non-profit)
6/24/2025,Northwest Bronx Scattered Sites,1010 East 178th Street,1010 EAST 178TH STREET,220,$593.7M*,Under Construction,The Arker Companies; Dabar Development Partners (MWBE); SBV RE Investments LLC,Renewal Chateau JV LLC,Progressive Management of NY LLC,Progressive Management of NY LLC
6/24/2025,Northwest Bronx Scattered Sites,1010 East 178th Street,EAST 180TH STREET-MONTEREY AVENUE,239,$593.7M*,Under Construction,The Arker Companies; Dabar Development Partners (MWBE); SBV RE Investments LLC,Renewal Chateau JV LLC,Progressive Management of NY LLC,Progressive Management of NY LLC
6/24/2025,Northwest Bronx Scattered Sites,1010 East 178th Street,TWIN PARKS EAST (SITE 9),219,$593.7M*,Under Construction,The Arker Companies; Dabar Development Partners (MWBE); SBV RE Investments LLC,Renewal Chateau JV LLC,Progressive Management of NY LLC,Progressive Management of NY LLC
6/24/2025,Northwest Bronx Scattered Sites,Fort Independence,BAILEY AVENUE-WEST 193RD STREET,233,$593.7M*,Under Construction,The Arker Companies; Dabar Development Partners (MWBE); SBV RE Investments LLC,Renewal Chateau JV LLC,Progressive Management of NY LLC,Progressive Management of NY LLC
6/24/2025,Northwest Bronx Scattered Sites,Fort Independence,FORT INDEPENDENCE STREET-HEATH AVENUE,344,$593.7M*,Under Construction,The Arker Companies; Dabar Development Partners (MWBE); SBV RE Investments LLC,Renewal Chateau JV LLC,Progressive Management of NY LLC,Progressive Management of NY LLC
6/24/2025,Northwest Bronx Scattered Sites,Kraus Management (BX 3),HARRISON AVENUE REHAB (GROUP A),34,$593.7M*,Under Construction,The Arker Companies; Dabar Development Partners (MWBE); SBV RE Investments LLC,Renewal Chateau JV LLC,Progressive Management of NY LLC,Progressive Management of NY LLC
6/24/2025,Northwest Bronx Scattered Sites,Kraus Management (BX 3),HARRISON AVENUE REHAB (GROUP B),150,$593.7M*,Under Construction,The Arker Companies; Dabar Development Partners (MWBE); SBV RE Investments LLC,Renewal Chateau JV LLC,Progressive Management of NY LLC,Progressive Management of NY LLC
6/24/2025,Northwest Bronx Scattered Sites,Kraus Management (BX 3),UNIVERSITY AVENUE REHAB,230,$593.7M*,Under Construction,The Arker Companies; Dabar Development Partners (MWBE); SBV RE Investments LLC,Renewal Chateau JV LLC,Progressive Management of NY LLC,Progressive Management of NY LLC
9/25/2025,Ocean Hill + Stuyvesant Gardens,Ocean Hill,OCEAN HILL APARTMENTS,236,$433.1M*,Under Construction,Dantes Partners (MWBE); Beverly Road Development (MWBE); Kalel Companies (MWBE),ETC Companies LLC,Wavecrest Management Group LLC,Bedford Stuyvesant Restoration Corporation (non-profit)
9/25/2025,Ocean Hill + Stuyvesant Gardens,Ocean Hill,SARATOGA VILLAGE,125,$433.1M*,Under Construction,Dantes Partners (MWBE); Beverly Road Development (MWBE); Kalel Companies (MWBE),ETC Companies LLC,Wavecrest Management Group LLC,Bedford Stuyvesant Restoration Corporation (non-profit)
9/25/2025,Ocean Hill + Stuyvesant Gardens,Stuyvesant Gardens,STUYVESANT GARDENS I,331,$433.1M*,Under Construction,Dantes Partners (MWBE); Beverly Road Development (MWBE); Kalel Companies (MWBE),ETC Companies LLC,Wavecrest Management Group LLC,Bedford Stuyvesant Restoration Corporation (non-profit)
9/25/2025,Ocean Hill + Stuyvesant Gardens,Stuyvesant Gardens,STUYVESANT GARDENS II,150,$433.1M*,Under Construction,Dantes Partners (MWBE); Beverly Road Development (MWBE); Kalel Companies (MWBE),ETC Companies LLC,Wavecrest Management Group LLC,Bedford Stuyvesant Restoration Corporation (non-profit)
9/25/2025,Ocean Hill + Stuyvesant Gardens,Sumner,BEDFORD-STUYVESANT REHAB,85,$433.1M*,Under Construction,Dantes Partners (MWBE); Beverly Road Development (MWBE); Kalel Companies (MWBE),ETC Companies LLC,Wavecrest Management Group LLC,Bedford Stuyvesant Restoration Corporation (non-profit)
9/25/2025,Metro North Plaza & White Wilson,Wilson,METRO NORTH PLAZA,275,$272.6M*,Under Construction,Ascendant Neighborhood Development (non-profit); The Community Builders (non-profit),MDG Design + Construction LLC,Wavecrest Management Group LLC,The Community Builders (non-profit)
9/25/2025,Metro North Plaza & White Wilson,Wilson,WHITE,248,$272.6M*,Under Construction,Ascendant Neighborhood Development (non-profit); The Community Builders (non-profit),MDG Design + Construction LLC,Wavecrest Management Group LLC,The Community Builders (non-profit)
12/18/2025,Jackie Robinson & Harlem Scattered Sites,Jackie Robinson,MORRIS PARK SENIOR CITIZENS HOME,97,$453.2M*,Under Construction,Ascendant Neighborhood Development (non-profit); McCormack Baron Salazar; Vaya Development (MWBE),L+M Builders Group,C+C Apartment Management LLC,LSA Family Health Service (non-profit); Asian Americans for Equality (non-profit)
12/18/2025,Jackie Robinson & Harlem Scattered Sites,Jackie Robinson,ROBINSON,188,$453.2M*,Under Construction,Ascendant Neighborhood Development (non-profit); McCormack Baron Salazar; Vaya Development (MWBE),L+M Builders Group,C+C Apartment Management LLC,LSA Family Health Service (non-profit); Asian Americans for Equality (non-profit)
12/18/2025,Jackie Robinson & Harlem Scattered Sites,Jackie Robinson,UPACA (SITE 5),197,$453.2M*,Under Construction,Ascendant Neighborhood Development (non-profit); McCormack Baron Salazar; Vaya Development (MWBE),L+M Builders Group,C+C Apartment Management LLC,LSA Family Health Service (non-profit); Asian Americans for Equality (non-profit)
12/18/2025,Jackie Robinson & Harlem Scattered Sites,Jackie Robinson,UPACA (SITE 6),150,$453.2M*,Under Construction,Ascendant Neighborhood Development (non-profit); McCormack Baron Salazar; Vaya Development (MWBE),L+M Builders Group,C+C Apartment Management LLC,LSA Family Health Service (non-profit); Asian Americans for Equality (non-profit)
12/18/2025,Jackie Robinson & Harlem Scattered Sites,Jefferson,CORSI HOUSES,171,$453.2M*,Under Construction,Ascendant Neighborhood Development (non-profit); McCormack Baron Salazar; Vaya Development (MWBE),L+M Builders Group,C+C Apartment Management LLC,LSA Family Health Service (non-profit); Asian Americans for Equality (non-profit)
12/18/2025,Jackie Robinson & Harlem Scattered Sites,Kraus Management (MB 1),REHAB PROGRAM (TAFT REHABS),156,$453.2M*,Under Construction,Ascendant Neighborhood Development (non-profit); McCormack Baron Salazar; Vaya Development (MWBE),L+M Builders Group,C+C Apartment Management LLC,LSA Family Health Service (non-profit); Asian Americans for Equality (non-profit)
12/18/2025,Jackie Robinson & Harlem Scattered Sites,Taft,131 SAINT NICHOLAS AVENUE,99,$453.2M*,Under Construction,Ascendant Neighborhood Development (non-profit); McCormack Baron Salazar; Vaya Development (MWBE),L+M Builders Group,C+C Apartment Management LLC,LSA Family Health Service (non-profit); Asian Americans for Equality (non-profit)
12/23/2025,Bay View,Bay View,BAY VIEW,1610,$756.7M*,Under Construction,Infinite Horizons (MWBE); MDG Design + Construction LLC; Wavecrest Group LLC,MDG Design + Construction LLC,Wavecrest Management Group LLC,IMPACCT Brooklyn (non-profit)
2/5/2026,Campos Plaza II,Lower East Side,CAMPOS PLAZA II,224,$92.5M*,Under Construction,L+M Development Partners; Type A Projects (MWBE),L+M Builders Group,C+C Apartment Management LLC,Henry Street Settlement (non-profit)
2026,Moore & East 152nd Street-Courtlandt Avenue,Melrose,EAST 152ND STREET-COURTLANDT AVENUE,221,$87.2M,Planning & Engagement,Mega Group Development; Brisa Builders Development (MWBE),Mega Contracting Group,Cornell Pace Inc.,
2026,Moore & East 152nd Street-Courtlandt Avenue,Saint Mary's Park,MOORE,463,$189.3M,Planning & Engagement,Mega Group Development; Brisa Builders Development (MWBE),Mega Contracting Group,Cornell Pace Inc.,
2026,Wilson,Wilson,WILSON,398,$189.5M,Planning & Engagement,Hope Community (non-profit); Brisa Builders Corporation (MWBE),Apex Building Group (MWBE); Gilbane Development Company,Shinda Management Corporation (MWBE),
2026,Rangel,Rangel,RANGEL,984,$552.2M,Planning & Engagement,"Genesis Companies (MWBE); The Community League of the Heights, Inc. (non-profit)",,Pinnacle City Living,
2026,Murphy Private,Building Management Associates (BX 1),BOYNTON AVENUE REHAB,82,$39.3M,Planning & Engagement,Settlement Housing Fund; Bronx Pro Group LLC (MWBE); MDG Design + Construction LLC; Wavecrest Group LLC,MDG Design + Construction LLC,Wavecrest Management Group LLC,
2026,Murphy Private,Building Management Associates (BX 1),BRYANT AVENUE-EAST 174TH STREET,72,$30.3M,Planning & Engagement,Settlement Housing Fund; Bronx Pro Group LLC (MWBE); MDG Design + Construction LLC; Wavecrest Group LLC,MDG Design + Construction LLC,Wavecrest Management Group LLC,
2026,Murphy Private,Building Management Associates (BX 1),EAST 165TH STREET-BRYANT AVENUE,111,$68.5M,Planning & Engagement,Settlement Housing Fund; Bronx Pro Group LLC (MWBE); MDG Design + Construction LLC; Wavecrest Group LLC,MDG Design + Construction LLC,Wavecrest Management Group LLC,
2026,Murphy Private,Building Management Associates (BX 1),EAST 173RD STREET-VYSE AVENUE,168,$91.0M,Planning & Engagement,Settlement Housing Fund; Bronx Pro Group LLC (MWBE); MDG Design + Construction LLC; Wavecrest Group LLC,MDG Design + Construction LLC,Wavecrest Management Group LLC,
2026,Murphy Private,Building Management Associates (BX 1),HOE AVENUE-EAST 173RD STREET,65,$31.8M,Planning & Engagement,Settlement Housing Fund; Bronx Pro Group LLC (MWBE); MDG Design + Construction LLC; Wavecrest Group LLC,MDG Design + Construction LLC,Wavecrest Management Group LLC,
2026,Murphy Private,Building Management Associates (BX 1),HUNTS POINT AVENUE REHAB,131,$91.2M,Planning & Engagement,Settlement Housing Fund; Bronx Pro Group LLC (MWBE); MDG Design + Construction LLC; Wavecrest Group LLC,MDG Design + Construction LLC,Wavecrest Management Group LLC,
2026,Murphy Private,Building Management Associates (BX 1),LONGFELLOW AVENUE REHAB,75,$45.6M,Planning & Engagement,Settlement Housing Fund; Bronx Pro Group LLC (MWBE); MDG Design + Construction LLC; Wavecrest Group LLC,MDG Design + Construction LLC,Wavecrest Management Group LLC,
2026,Murphy Private,Building Management Associates (BX 1),WEST FARMS ROAD REHAB,208,$101.3M,Planning & Engagement,Settlement Housing Fund; Bronx Pro Group LLC (MWBE); MDG Design + Construction LLC; Wavecrest Group LLC,MDG Design + Construction LLC,Wavecrest Management Group LLC,
2026,Murphy Private,Building Management Associates (BX 1),WEST FARMS SQUARE CONVENTIONAL,20,$11.1M,Planning & Engagement,Settlement Housing Fund; Bronx Pro Group LLC (MWBE); MDG Design + Construction LLC; Wavecrest Group LLC,MDG Design + Construction LLC,Wavecrest Management Group LLC,
2026,Murphy Private,Sotomayor,GLEBE AVENUE-WESTCHESTER AVENUE,132,$49.9M,Planning & Engagement,Settlement Housing Fund; Bronx Pro Group LLC (MWBE); MDG Design + Construction LLC; Wavecrest Group LLC,MDG Design + Construction LLC,Wavecrest Management Group LLC,
2026,Murphy Private,Throggs Neck,RANDALL AVENUE-BALCOM AVENUE,202,$121.2M,Planning & Engagement,Settlement Housing Fund; Bronx Pro Group LLC (MWBE); MDG Design + Construction LLC; Wavecrest Group LLC,MDG Design + Construction LLC,Wavecrest Management Group LLC,
2026,Hernandez,Gompers,HERNANDEZ,149,$61.3M,Planning & Engagement,Essence Development (MWBE); MDG Design + Construction LLC; Wavecrest Group LLC,MDG Design + Construction LLC,Wavecrest Management Group LLC,
2026,Seward Park,Gompers,SEWARD PARK EXTENSION,360,$176.6M,Planning & Engagement,Essence Development (MWBE); MDG Design + Construction LLC; Wavecrest Group LLC,MDG Design + Construction LLC,Wavecrest Management Group LLC,
2026,Meltzer Tower,Gompers,MELTZER TOWER,231,$80.2M,Planning & Engagement,Essence Development (MWBE); MDG Design + Construction LLC; Wavecrest Group LLC,MDG Design + Construction LLC,Wavecrest Management Group LLC,
2026,West Tremont,Sedgwick,WEST TREMONT AVENUE-SEDGWICK AVENUE AREA,148,$58.9M,Planning & Engagement,The Arker Companies; Dabar Development Partners (MWBE); SBV RE Investments LLC,Renewal Chateau JV LLC,Progressive Management of NY LLC,
2026,Fulton and Elliott-Chelsea,Fulton - Phase I,CHELSEA ADDITION,180,$85.0M,Planning & Engagement,Essence Development (MWBE); Related Companies,Related Companies,Related Affordable Management,
2026,Fulton and Elliott-Chelsea,Fulton - Phase I,FULTON,36,$17.8M,Planning & Engagement,Essence Development (MWBE); Related Companies,Related Companies,Related Affordable Management,
2026,Fulton and Elliott-Chelsea,Elliott-Chelsea - Phase I,CHELSEA ADDITION,60,$30M,Planning & Engagement,Essence Development (MWBE); Related Companies,Related Companies,Related Affordable Management,
2026,Fulton and Elliott-Chelsea,Elliott-Chelsea - Phase I,CHELSEA,223,$94M,Planning & Engagement,Essence Development (MWBE); Related Companies,Related Companies,Related Affordable Management,
2026,Fulton and Elliott-Chelsea,Elliott-Chelsea - Phase I,ELLIOTT,162,$70M,Planning & Engagement,Essence Development (MWBE); Related Companies,Related Companies,Related Affordable Management,
2029,Fulton and Elliott-Chelsea,Fulton - Phase II,FULTON,764,$361M,Planning & Engagement,Essence Development (MWBE); Related Companies,Related Companies,Related Affordable Management,
2030,Fulton and Elliott-Chelsea,Elliott-Chelsea - Phase II,CHELSEA,202,$85M,Planning & Engagement,Essence Development (MWBE); Related Companies,Related Companies,Related Affordable Management,
2030,Fulton and Elliott-Chelsea,Elliott-Chelsea - Phase II,ELLIOTT,429,$185M,Planning & Engagement,Essence Development (MWBE); Related Companies,Related Companies,Related Affordable Management,
TBD,Clason Point Gardens,Sack Wern,CLASON POINT GARDENS,401,$239.7M,Planning & Engagement,,,,
2027,Howard,Howard,HOWARD,815,$382M,Planning & Engagement,,,,
2028,Claremont Consolidated,Claremont Consolidated,1162-1176 WASHINGTON AVENUE,66,$32M,Planning & Engagement,,,,
2028,Claremont Consolidated,Claremont Consolidated,CLAREMONT REHAB (GROUP 4),57,$27M,Planning & Engagement,,,,
2028,Claremont Consolidated,Claremont Consolidated,CLAREMONT REHAB (GROUP 5),135,$72M,Planning & Engagement,,,,
2028,Claremont Consolidated,Claremont Consolidated,COLLEGE AVENUE-EAST 165TH STREET,95,$32M,Planning & Engagement,,,,
2028,Atlantic Terminal,Wyckoff Gardens,ATLANTIC TERMINAL SITE 4B,300,$108M,Planning & Engagement,,,,
2028,Marcus Garvey,Marcus Garvey,BROWN,200,$76M,Planning & Engagement,,,,
2028,Marcus Garvey,Marcus Garvey,GARVEY (GROUP A),321,$170M,Planning & Engagement,,,,
2028,"Unity Plaza, Long Island Baptist & East New York City Line",Cypress Hills,EAST NEW YORK CITY LINE,66,$62M,Planning & Engagement,,,,
2028,"Unity Plaza, Long Island Baptist & East New York City Line",Unity Plaza,LONG ISLAND BAPTIST HOUSES,232,$97M,Planning & Engagement,,,,
2028,"Unity Plaza, Long Island Baptist & East New York City Line",Unity Plaza,"UNITY PLAZA (SITES 17,24,25A)",167,$81M,Planning & Engagement,,,,
2028,"Unity Plaza, Long Island Baptist & East New York City Line",Unity Plaza,UNITY PLAZA (SITES 4-27),462,$216M,Planning & Engagement,,,,
2028,"De Hostos, Douglass & Robbins Plaza",De Hostos Apartments,REHAB PROGRAM (WISE REHAB),40,$21M,Planning & Engagement,,,,
2028,"De Hostos, Douglass & Robbins Plaza",De Hostos Apartments,DE HOSTOS APARTMENTS,223,$91M,Planning & Engagement,,,,
2028,"De Hostos, Douglass & Robbins Plaza",De Hostos Apartments,THOMAS APARTMENTS,87,$37M,Planning & Engagement,,,,
2028,"De Hostos, Douglass & Robbins Plaza",De Hostos Apartments,WSUR (BROWNSTONES),236,$178M,Planning & Engagement,,,,
2028,"De Hostos, Douglass & Robbins Plaza",De Hostos Apartments,WSUR (SITE A) 120 WEST 94TH STREET,70,$37M,Planning & Engagement,,,,
2028,"De Hostos, Douglass & Robbins Plaza",De Hostos Apartments,WSUR (SITE B) 74 WEST 92ND STREET,168,$72M,Planning & Engagement,,,,
2028,"De Hostos, Douglass & Robbins Plaza",De Hostos Apartments,WSUR (SITE C) 589 AMSTERDAM AVENUE,158,$66M,Planning & Engagement,,,,
2028,"De Hostos, Douglass & Robbins Plaza",Isaacs,ROBBINS PLAZA,150,$52M,Planning & Engagement,,,,
2028,"De Hostos, Douglass & Robbins Plaza",Kraus Management (MB 1),154 WEST 84TH STREET,35,$18M,Planning & Engagement,,,,
2028,"De Hostos, Douglass & Robbins Plaza",Kraus Management (MB 1),REHAB PROGRAM (DOUGLASS REHABS),112,$61M,Planning & Engagement,,,,
2028,Baisley Park Consolidated,Baisley Park,BAISLEY PARK,386,$204M,Planning & Engagement,,,,
2028,Baisley Park Consolidated,Baisley Park,CONLON LIHFE TOWER,216,$72M,Planning & Engagement,,,,
2028,Baisley Park Consolidated,Baisley Park,INTERNATIONAL TOWER,159,$58M,Planning & Engagement,,,,
2028,Baisley Park Consolidated,Baisley Park,SHELTON HOUSE,155,$57M,Planning & Engagement,,,,
2028,Stapleton & New Lane Area,South Beach,NEW LANE AREA,277,$98M,Planning & Engagement,,,,
2028,Stapleton & New Lane Area,Stapleton,STAPLETON,693,$451M,Planning & Engagement,,,,
TBD,Red Hook West,Red Hook West,RED HOOK WEST,1464,$762.3M,Planning & Engagement,,,,
